,Image,Font
0,Alex_image_1.png,AlexBrush
1,Allu_image_7.png,GreatVibes
2,Alex_image_11.png,Holligate Signature
3,Allu_image_4.png,Allura
4,Agua_image_4.png,AguafinaScript
5,Holl_image_1.png,Holligate Signature
6,Cant_image_1.png,Canterbury
7,Jame_image_4.png,James Fajardo
8,Open_image_3.png,OpenSans
9,alss_image_2.png,alsscrp
10,Cant_image_0.png,Canterbury
11,Jame_image_3.png,James Fajardo
12,Agua_image_0.png,AguafinaScript
13,Open_image_5.png,OpenSans
14,Holl_image_8.png,Holligate Signature
15,alss_image_8.png,alsscrp
16,Grea_image_3.png,GreatVibes
17,Grea_image_0.png,GreatVibes
18,ILov_image_1.png,I Love Glitter
19,ILov_image_2.png,I Love Glitter
